,diagnosis_id,user_id,item_id,nbr_propositions
0,1,4,200,1
1,2,4,196,18
2,3,4,88,12
3,4,4,103,13
4,5,4,194,13
5,6,4,154,1
6,7,4,168,15
7,8,4,90,7
8,9,4,187,18
9,10,4,131,10
10,11,4,155,7
11,12,4,35,12
12,13,4,169,1
13,14,4,21,9
14,15,4,35,4
15,16,4,173,5
16,17,4,191,11
17,18,4,80,3
18,19,4,25,0
19,20,4,192,9
20,21,4,131,6
21,22,4,169,3
22,23,4,194,6
23,24,4,90,18
24,25,4,159,18
25,26,4,88,14
26,27,4,22,16
27,28,4,103,0
28,29,4,118,19
29,30,4,191,16
30,31,4,103,14
31,32,4,4,17
32,33,4,148,13
33,34,4,10,7
34,35,4,197,14
35,36,4,170,13
36,37,4,112,6
37,38,4,93,11
38,39,4,55,5
39,40,4,98,6
40,41,4,43,1
41,42,4,90,10
42,43,4,43,9
43,44,4,3,9
44,45,4,196,1
45,46,4,86,17
46,47,4,152,10
47,48,4,69,15
48,49,4,25,12
49,50,4,125,14
50,51,4,161,12
51,52,4,158,0
52,53,4,147,1
53,54,4,39,15
54,55,4,139,18
55,56,4,74,13
56,57,4,24,7
57,58,4,34,19
58,59,4,77,11
59,60,4,185,3
60,61,4,12,0
61,62,4,187,3
62,63,4,181,19
63,64,4,112,4
64,65,4,115,14
65,66,4,181,18
66,67,4,125,1
67,68,4,130,5
68,69,4,113,1
69,70,4,4,1
70,71,4,64,6
71,72,4,81,15
72,73,4,28,9
73,74,4,155,5
74,75,4,97,18
75,76,4,131,5
76,77,4,150,9
77,78,4,175,3
78,79,4,18,19
79,80,4,30,8
80,81,4,31,18
81,82,4,60,10
82,83,4,99,1
83,84,4,96,5
84,85,4,38,10
85,86,4,187,12
86,87,4,171,16
87,88,4,159,8
88,89,4,14,8
89,90,4,1,5
90,91,4,152,16
91,92,4,175,1
92,93,4,179,9
93,94,4,188,1
94,95,4,42,8
95,96,4,55,7
96,97,4,129,2
97,98,4,174,2
98,99,4,15,10
99,100,4,117,5
100,101,4,160,1
101,102,4,158,18
102,103,4,66,3
103,104,4,175,3
104,105,4,72,6
105,106,4,64,1
106,107,4,39,4
107,108,4,175,19
108,109,4,53,10
109,110,4,49,17
110,111,4,122,1
111,112,4,200,2
112,113,4,169,5
113,114,4,72,6
114,115,4,103,0
115,116,4,88,16
116,117,4,141,16
117,118,4,173,3
118,119,4,24,11
119,120,4,153,1
120,121,4,141,16
121,122,4,131,4
122,123,4,109,16
123,124,4,40,8
124,125,4,72,12
125,126,4,33,10
126,127,4,74,2
127,128,4,34,19
128,129,4,192,11
129,130,4,6,1
130,131,4,11,18
131,132,4,25,11
132,133,4,94,0
133,134,4,161,15
134,135,4,70,13
135,136,4,92,10
136,137,4,98,11
137,138,4,2,4
138,139,4,24,10
139,140,4,37,18
140,141,4,114,19
141,142,4,36,8
142,143,4,179,8
143,144,4,77,11
144,145,4,128,13
145,146,4,137,6
146,147,4,121,9
147,148,4,107,1
148,149,4,127,9
149,150,4,190,17
150,151,4,152,11
151,152,4,47,17
152,153,4,17,1
153,154,4,191,1
154,155,4,143,12
155,156,4,68,16
156,157,4,28,9
157,158,4,193,11
158,159,4,111,6
159,160,4,156,18
160,161,4,93,18
161,162,4,147,18
162,163,4,95,5
163,164,4,41,8
164,165,4,108,16
165,166,4,96,9
166,167,4,193,8
167,168,4,52,17
168,169,4,4,1
169,170,4,1,2
170,171,4,169,18
171,172,4,192,1
172,173,4,99,13
173,174,4,97,17
174,175,4,20,4
175,176,4,71,19
176,177,4,190,12
177,178,4,109,4
178,179,4,23,17
179,180,4,28,3
180,181,4,3,18
181,182,4,36,11
182,183,4,114,6
183,184,4,187,15
184,185,4,3,2
185,186,4,18,7
186,187,4,177,14
187,188,4,133,7
188,189,4,82,10
189,190,4,69,12
190,191,4,57,17
191,192,4,48,8
192,193,4,174,1
193,194,4,193,7
194,195,4,151,6
195,196,4,122,18
196,197,4,124,4
197,198,4,119,0
198,199,4,97,14
199,200,4,163,13
200,201,4,52,9
201,202,4,11,8
202,203,4,33,19
203,204,4,185,6
204,205,4,71,6
205,206,4,14,9
206,207,4,25,4
207,208,4,119,1
208,209,4,60,15
209,210,4,171,3
210,211,4,62,13
211,212,4,159,17
212,213,4,41,1
213,214,4,177,19
214,215,4,72,18
215,216,4,9,0
216,217,4,130,1
217,218,4,93,1
218,219,5,96,5
219,220,5,145,9
220,221,5,162,1
221,222,5,135,1
222,223,5,109,13
223,224,5,82,1
224,225,5,168,17
225,226,5,97,8
226,227,5,180,12
227,228,5,153,11
228,229,5,126,9
229,230,5,91,18
230,231,5,25,18
231,232,5,173,0
232,233,5,21,15
233,234,5,110,16
234,235,5,122,9
235,236,5,151,12
236,237,5,79,12
237,238,5,1,7
238,239,5,141,11
239,240,5,23,10
240,241,5,179,10
241,242,5,109,1
242,243,5,79,9
243,244,5,144,2
244,245,5,199,19
245,246,5,76,17
246,247,5,194,17
247,248,5,13,18
248,249,5,144,16
249,250,5,32,18
250,251,5,79,12
251,252,5,145,5
252,253,5,118,19
253,254,5,56,1
254,255,5,133,19
255,256,5,18,14
256,257,5,185,19
257,258,5,175,6
258,259,5,76,12
259,260,5,85,16
260,261,5,49,17
261,262,5,16,1
262,263,5,24,14
263,264,5,100,13
264,265,5,48,11
265,266,5,30,5
266,267,5,99,6
267,268,5,80,15
268,269,5,29,0
269,270,5,31,6
270,271,5,76,4
271,272,5,32,14
272,273,5,184,0
273,274,5,81,9
274,275,5,102,1
275,276,5,51,14
276,277,5,92,8
277,278,5,46,3
278,279,5,150,14
279,280,5,130,4
280,281,5,153,8
281,282,5,110,18
282,283,5,141,8
283,284,5,6,8
284,285,5,146,13
285,286,5,140,6
286,287,5,30,1
287,288,5,196,3
288,289,5,108,15
289,290,5,183,15
290,291,5,41,11
291,292,5,43,12
292,293,5,191,7
293,294,5,146,6
294,295,5,53,1
295,296,5,76,13
296,297,5,133,5
297,298,5,192,11
298,299,5,52,5
299,300,5,51,8
300,301,5,81,9
301,302,5,86,15
302,303,5,81,15
303,304,5,86,1
304,305,5,98,1
305,306,5,48,3
306,307,5,92,3
307,308,5,59,19
308,309,5,30,18
309,310,5,42,4
310,311,5,108,13
311,312,5,167,2
312,313,5,177,4
313,314,5,122,17
314,315,5,69,8
315,316,5,111,0
316,317,5,110,5
317,318,5,139,17
318,319,5,98,17
319,320,5,141,18
320,321,5,194,16
321,322,5,46,0
322,323,5,2,0
323,324,5,54,3
324,325,5,141,11
325,326,5,107,15
326,327,5,153,18
327,328,5,135,1
328,329,5,112,13
329,330,5,20,17
330,331,5,28,2
331,332,5,132,16
332,333,5,94,12
333,334,5,57,10
334,335,5,187,1
335,336,5,52,19
336,337,5,140,17
337,338,5,114,4
338,339,5,12,16
339,340,5,36,3
340,341,5,155,8
341,342,5,133,16
342,343,5,102,7
343,344,5,85,8
344,345,5,191,13
345,346,5,106,7
346,347,5,133,13
347,348,5,191,14
348,349,5,46,1
349,350,5,97,3
350,351,5,131,11
351,352,5,186,6
352,353,5,170,18
353,354,5,178,10
354,355,5,172,19
355,356,5,55,2
356,357,5,69,18
357,358,5,107,8
358,359,5,169,4
359,360,5,112,6
360,361,5,163,11
361,362,5,76,15
362,363,5,156,14
363,364,5,2,18
364,365,5,178,11
365,366,5,117,14
366,367,5,193,4
367,368,5,187,6
368,369,5,85,4
369,370,5,82,17
370,371,5,132,10
371,372,5,135,18
372,373,5,67,8
373,374,5,82,1
374,375,5,73,14
375,376,5,37,19
376,377,5,132,17
377,378,5,99,0
378,379,5,1,8
379,380,5,9,13
380,381,5,171,1
381,382,5,147,16
382,383,5,17,9
383,384,5,1,15
384,385,5,156,5
385,386,5,145,8
386,387,5,95,11
387,388,5,51,3
388,389,5,175,2
389,390,5,87,13
390,391,5,51,16
391,392,5,140,12
392,393,5,10,7
393,394,5,58,10
394,395,5,3,15
395,396,5,101,4
396,397,5,176,17
397,398,5,166,10
398,399,5,173,3
399,400,5,168,15
400,401,5,181,14
401,402,5,162,2
402,403,5,29,6
403,404,5,117,13
404,405,5,172,19
405,406,5,68,10
406,407,5,93,3
407,408,5,62,12
408,409,5,22,9
409,410,5,102,6
410,411,5,190,5
411,412,5,101,15
412,413,5,80,11
413,414,5,173,12
414,415,5,198,13
415,416,5,27,14
416,417,5,162,16
417,418,5,113,1
418,419,5,116,10
419,420,5,64,4
420,421,5,128,10
421,422,5,26,1
422,423,5,60,11
423,424,5,163,0
424,425,5,194,0
425,426,5,36,11
426,427,5,57,9
427,428,5,31,1
428,429,5,97,5
429,430,5,169,5
430,431,5,48,2
431,432,5,149,1
432,433,5,122,7
433,434,5,33,11
434,435,5,37,5
435,436,5,160,11
436,437,6,187,3
437,438,6,109,16
438,439,6,66,13
439,440,6,190,12
440,441,6,74,11
441,442,6,137,10
442,443,6,11,7
443,444,6,97,9
444,445,6,40,6
445,446,6,106,17
446,447,6,92,18
447,448,6,106,2
448,449,6,40,2
449,450,6,2,15
450,451,6,4,5
451,452,6,83,11
452,453,6,35,18
453,454,6,183,14
454,455,6,16,0
455,456,6,38,8
456,457,6,154,16
457,458,6,71,9
458,459,6,18,15
459,460,6,148,18
460,461,6,152,9
461,462,6,29,11
462,463,6,4,3
463,464,6,14,18
464,465,6,29,19
465,466,6,2,1
466,467,6,106,4
467,468,6,142,18
468,469,6,182,5
469,470,6,65,17
470,471,6,126,13
471,472,6,146,2
472,473,6,193,3
473,474,6,174,14
474,475,6,90,1
475,476,6,132,10
476,477,6,148,17
477,478,6,3,1
478,479,6,146,3
479,480,6,115,5
480,481,6,200,10
481,482,6,130,5
482,483,6,170,15
483,484,6,71,1
484,485,6,1,1
485,486,6,165,4
486,487,6,102,8
487,488,6,106,0
488,489,6,107,15
489,490,6,4,1
490,491,6,108,15
491,492,6,52,7
492,493,6,20,5
493,494,6,159,15
494,495,6,7,16
495,496,6,171,18
496,497,6,53,7
497,498,6,122,11
498,499,6,85,2
499,500,6,22,4
500,501,6,180,5
501,502,6,108,9
502,503,6,167,10
503,504,6,40,2
504,505,6,135,5
505,506,6,173,18
506,507,6,161,6
507,508,6,4,11
508,509,6,11,16
509,510,6,9,9
510,511,6,133,12
511,512,6,155,6
512,513,6,156,12
513,514,6,103,1
514,515,6,162,16
515,516,6,47,5
516,517,6,129,9
517,518,6,115,3
518,519,6,110,14
519,520,6,28,19
520,521,6,70,2
521,522,6,90,11
522,523,6,19,4
523,524,6,29,18
524,525,6,110,17
525,526,6,6,15
526,527,6,52,0
527,528,6,28,8
528,529,6,195,1
529,530,6,2,8
530,531,6,7,11
531,532,6,12,13
532,533,6,33,0
533,534,6,67,5
534,535,6,146,13
535,536,6,53,5
536,537,6,111,12
537,538,6,33,15
538,539,6,161,15
539,540,6,162,16
540,541,6,46,10
541,542,6,51,7
542,543,6,193,11
543,544,6,167,2
544,545,6,20,7
545,546,6,196,15
546,547,6,1,6
547,548,6,109,7
548,549,6,200,8
549,550,6,195,19
550,551,6,34,17
551,552,6,53,3
552,553,6,117,18
553,554,6,81,14
554,555,6,82,17
555,556,6,20,2
556,557,6,110,15
557,558,6,113,4
558,559,6,125,9
559,560,6,197,10
560,561,6,58,15
561,562,6,35,4
562,563,6,131,17
563,564,6,83,3
564,565,6,182,5
565,566,6,200,14
566,567,6,29,0
567,568,6,195,1
568,569,6,20,14
569,570,6,98,6
570,571,6,199,14
571,572,6,4,0
572,573,6,175,13
573,574,6,183,1
574,575,6,62,4
575,576,6,118,0
576,577,6,111,14
577,578,6,43,17
578,579,6,113,5
579,580,6,198,6
580,581,6,64,3
581,582,6,92,8
582,583,6,86,5
583,584,6,142,9
584,585,6,47,7
585,586,6,98,13
586,587,6,199,1
587,588,6,146,4
588,589,6,94,4
589,590,6,118,12
590,591,6,124,1
591,592,6,85,10
592,593,6,94,12
593,594,6,41,3
594,595,6,105,13
595,596,6,13,6
596,597,6,21,2
597,598,6,124,18
598,599,6,1,4
599,600,6,32,6
600,601,6,168,3
601,602,6,133,3
602,603,6,170,8
603,604,6,192,1
604,605,6,163,14
605,606,6,61,3
606,607,6,37,7
607,608,6,34,19
608,609,6,20,1
609,610,6,187,18
610,611,6,155,5
611,612,6,185,7
612,613,6,182,1
613,614,6,120,1
614,615,6,25,13
615,616,6,170,0
616,617,6,169,15
617,618,6,35,9
618,619,6,76,0
619,620,6,74,13
620,621,6,28,4
621,622,6,30,10
622,623,6,182,0
623,624,6,104,1
624,625,6,66,7
625,626,6,36,15
626,627,6,77,3
627,628,6,80,4
628,629,6,27,6
629,630,6,158,19
630,631,6,6,0
631,632,6,24,9
632,633,6,132,19
633,634,6,110,15
634,635,6,113,8
635,636,6,112,18
636,637,6,198,11
637,638,6,17,16
638,639,6,87,17
639,640,6,146,8
640,641,6,172,1
641,642,6,89,15
642,643,6,131,13
643,644,6,27,17
644,645,6,2,17
645,646,6,1,7
646,647,6,86,18
647,648,6,72,2
648,649,6,90,16
649,650,6,60,16
650,651,6,22,4
651,652,6,98,13
652,653,6,184,17
653,654,6,139,1
654,655,7,45,3
655,656,7,54,9
656,657,7,74,1
657,658,7,51,14
658,659,7,79,6
659,660,7,75,12
660,661,7,108,16
661,662,7,182,2
662,663,7,36,0
663,664,7,119,18
664,665,7,194,8
665,666,7,46,15
666,667,7,121,1
667,668,7,109,14
668,669,7,187,2
669,670,7,49,17
670,671,7,35,2
671,672,7,39,17
672,673,7,57,2
673,674,7,115,17
674,675,7,13,18
675,676,7,21,4
676,677,7,105,11
677,678,7,161,12
678,679,7,5,4
679,680,7,197,16
680,681,7,168,4
681,682,7,152,15
682,683,7,159,1
683,684,7,196,0
684,685,7,83,9
685,686,7,71,1
686,687,7,188,4
687,688,7,61,4
688,689,7,160,19
689,690,7,101,1
690,691,7,25,12
691,692,7,162,1
692,693,7,69,1
693,694,7,29,15
694,695,7,13,18
695,696,7,138,14
696,697,7,170,12
697,698,7,23,16
698,699,7,16,4
699,700,7,99,6
700,701,7,150,15
701,702,7,182,19
702,703,7,124,17
703,704,7,9,6
704,705,7,14,16
705,706,7,186,5
706,707,7,38,5
707,708,7,176,16
708,709,7,5,1
709,710,7,55,8
710,711,7,72,5
711,712,7,36,1
712,713,7,142,16
713,714,7,74,1
714,715,7,96,9
715,716,7,86,11
716,717,7,146,17
717,718,7,182,12
718,719,7,86,17
719,720,7,37,15
720,721,7,182,10
721,722,7,11,0
722,723,7,166,9
723,724,7,70,11
724,725,7,68,15
725,726,7,3,7
726,727,7,178,8
727,728,7,52,9
728,729,7,156,13
729,730,7,157,5
730,731,7,61,3
731,732,7,84,3
732,733,7,54,17
733,734,7,129,16
734,735,7,62,16
735,736,7,196,15
736,737,7,89,8
737,738,7,95,8
738,739,7,197,15
739,740,7,25,13
740,741,7,177,14
741,742,7,193,12
742,743,7,169,3
743,744,7,104,1
744,745,7,169,14
745,746,7,115,2
746,747,7,171,14
747,748,7,21,6
748,749,7,186,1
749,750,7,196,15
750,751,7,33,0
751,752,7,61,12
752,753,7,9,0
753,754,7,18,11
754,755,7,143,6
755,756,7,175,13
756,757,7,164,2
757,758,7,79,14
758,759,7,158,7
759,760,7,53,0
760,761,7,108,7
761,762,7,117,12
762,763,7,165,11
763,764,7,149,11
764,765,7,190,14
765,766,7,188,8
766,767,7,102,2
767,768,7,23,19
768,769,7,2,15
769,770,7,72,7
770,771,7,171,1
771,772,7,83,4
772,773,7,44,7
773,774,7,188,17
774,775,7,175,17
775,776,7,31,3
776,777,7,107,9
777,778,7,130,1
778,779,7,178,6
779,780,7,101,17
780,781,7,193,2
781,782,7,154,11
782,783,7,104,4
783,784,7,13,10
784,785,7,2,17
785,786,7,49,9
786,787,7,82,11
787,788,7,129,10
788,789,7,198,14
789,790,7,6,19
790,791,7,6,11
791,792,7,69,4
792,793,7,162,8
793,794,7,127,2
794,795,7,98,1
795,796,7,86,14
796,797,7,107,8
797,798,7,136,1
798,799,7,103,10
799,800,7,54,16
800,801,7,184,1
801,802,7,71,14
802,803,7,13,0
803,804,7,156,15
804,805,7,171,13
805,806,7,17,15
806,807,7,68,6
807,808,7,60,9
808,809,7,75,15
809,810,7,173,11
810,811,7,70,15
811,812,7,89,13
812,813,7,14,1
813,814,7,175,6
814,815,7,13,19
815,816,7,82,2
816,817,7,35,14
817,818,7,175,1
818,819,7,162,1
819,820,7,190,6
820,821,7,76,12
821,822,7,78,9
822,823,7,45,5
823,824,7,126,6
824,825,7,19,11
825,826,7,34,1
826,827,7,105,16
827,828,7,182,13
828,829,7,48,13
829,830,7,151,14
830,831,7,43,5
831,832,7,13,18
832,833,7,2,17
833,834,7,108,2
834,835,7,191,11
835,836,7,17,4
836,837,7,200,14
837,838,7,123,14
838,839,7,27,3
839,840,7,62,1
840,841,7,79,0
841,842,7,94,0
842,843,7,53,15
843,844,7,147,4
844,845,7,42,13
845,846,7,135,8
846,847,7,193,6
847,848,7,137,17
848,849,7,124,1
849,850,7,99,7
850,851,7,72,9
851,852,7,41,18
852,853,7,118,15
853,854,7,118,5
854,855,7,80,6
855,856,7,114,0
856,857,7,54,0
857,858,7,161,3
858,859,7,63,0
859,860,7,52,16
860,861,7,94,9
861,862,7,191,13
862,863,7,167,6
863,864,7,71,15
864,865,7,70,7
865,866,7,126,17
866,867,7,114,2
867,868,7,135,11
868,869,7,145,15
869,870,7,15,11
870,871,7,177,5
871,872,7,100,19
872,873,8,153,2
873,874,8,92,5
874,875,8,61,13
875,876,8,68,18
876,877,8,127,14
877,878,8,196,13
878,879,8,173,14
879,880,8,63,15
880,881,8,188,8
881,882,8,16,1
882,883,8,174,10
883,884,8,66,13
884,885,8,39,19
885,886,8,47,2
886,887,8,154,18
887,888,8,25,17
888,889,8,89,1
889,890,8,35,15
890,891,8,147,9
891,892,8,16,18
892,893,8,17,18
893,894,8,75,10
894,895,8,177,14
895,896,8,137,6
896,897,8,143,1
897,898,8,167,6
898,899,8,171,1
899,900,8,122,11
900,901,8,58,5
901,902,8,13,12
902,903,8,35,19
903,904,8,185,11
904,905,8,48,11
905,906,8,190,19
906,907,8,200,1
907,908,8,138,15
908,909,8,56,12
909,910,8,130,11
910,911,8,29,3
911,912,8,165,13
912,913,8,19,1
913,914,8,88,5
914,915,8,189,18
915,916,8,191,17
916,917,8,80,11
917,918,8,167,5
918,919,8,151,7
919,920,8,70,1
920,921,8,35,16
921,922,8,17,1
922,923,8,187,10
923,924,8,7,15
924,925,8,18,11
925,926,8,200,6
926,927,8,29,17
927,928,8,140,1
928,929,8,151,19
929,930,8,105,0
930,931,8,142,4
931,932,8,141,10
932,933,8,74,1
933,934,8,116,10
934,935,8,191,8
935,936,8,106,0
936,937,8,9,16
937,938,8,147,5
938,939,8,23,8
939,940,8,199,18
940,941,8,72,19
941,942,8,112,19
942,943,8,49,1
943,944,8,58,6
944,945,8,163,18
945,946,8,100,14
946,947,8,67,16
947,948,8,39,18
948,949,8,27,7
949,950,8,119,4
950,951,8,43,14
951,952,8,5,1
952,953,8,165,6
953,954,8,133,1
954,955,8,88,2
955,956,8,33,2
956,957,8,52,1
957,958,8,39,0
958,959,8,41,2
959,960,8,13,3
960,961,8,151,15
961,962,8,177,8
962,963,8,56,11
963,964,8,98,14
964,965,8,10,19
965,966,8,108,1
966,967,8,62,10
967,968,8,164,3
968,969,8,22,8
969,970,8,22,12
970,971,8,141,0
971,972,8,172,3
972,973,8,36,14
973,974,8,137,10
974,975,8,156,10
975,976,8,87,8
976,977,8,108,1
977,978,8,140,11
978,979,8,62,13
979,980,8,198,14
980,981,8,91,8
981,982,8,186,0
982,983,8,187,13
983,984,8,6,18
984,985,8,18,18
985,986,8,139,1
986,987,8,48,12
987,988,8,50,13
988,989,8,10,9
989,990,8,17,9
990,991,8,73,12
991,992,8,139,16
992,993,8,96,8
993,994,8,60,6
994,995,8,181,1
995,996,8,100,15
996,997,8,136,6
997,998,8,14,9
998,999,8,24,10
999,1000,8,65,5
1000,1001,8,43,9
1001,1002,8,168,4
1002,1003,8,108,15
1003,1004,8,101,1
1004,1005,8,62,7
1005,1006,8,200,19
1006,1007,8,73,3
1007,1008,8,199,1
1008,1009,8,33,0
1009,1010,8,107,1
1010,1011,8,149,11
1011,1012,8,35,18
1012,1013,8,9,7
1013,1014,8,40,11
1014,1015,8,64,17
1015,1016,8,105,11
1016,1017,8,119,1
1017,1018,8,96,11
1018,1019,8,125,19
1019,1020,8,8,9
1020,1021,8,110,13
1021,1022,8,56,11
1022,1023,8,154,11
1023,1024,8,73,15
1024,1025,8,12,15
1025,1026,8,17,1
1026,1027,8,9,11
1027,1028,8,55,2
1028,1029,8,111,16
1029,1030,8,36,13
1030,1031,8,100,5
1031,1032,8,82,19
1032,1033,8,42,17
1033,1034,8,61,6
1034,1035,8,127,16
1035,1036,8,73,8
1036,1037,8,48,5
1037,1038,8,36,17
1038,1039,8,175,7
1039,1040,8,102,6
1040,1041,8,95,5
1041,1042,8,163,7
1042,1043,8,82,16
1043,1044,8,169,12
1044,1045,8,121,1
1045,1046,8,35,1
1046,1047,8,120,1
1047,1048,8,141,7
1048,1049,8,54,4
1049,1050,8,158,7
1050,1051,8,166,2
1051,1052,8,179,3
1052,1053,8,80,3
1053,1054,8,190,14
1054,1055,8,177,19
1055,1056,8,13,14
1056,1057,8,182,1
1057,1058,8,186,1
1058,1059,8,127,4
1059,1060,8,46,4
1060,1061,8,193,18
1061,1062,8,132,7
1062,1063,8,2,2
1063,1064,8,141,13
1064,1065,8,128,3
1065,1066,8,148,19
1066,1067,8,99,0
1067,1068,8,82,18
1068,1069,8,96,5
1069,1070,8,67,2
1070,1071,8,129,19
1071,1072,8,174,13
1072,1073,8,25,9
1073,1074,8,183,1
1074,1075,8,95,15
1075,1076,8,85,4
1076,1077,8,45,4
1077,1078,8,117,5
1078,1079,8,126,17
1079,1080,8,1,5
1080,1081,8,29,12
1081,1082,8,96,13
1082,1083,8,184,18
1083,1084,8,173,1
1084,1085,8,71,12
1085,1086,8,103,13
1086,1087,8,36,16
1087,1088,8,109,6
1088,1089,8,18,3
1089,1090,8,118,11
1090,1091,9,54,10
1091,1092,9,77,2
1092,1093,9,132,16
1093,1094,9,116,1
1094,1095,9,186,17
1095,1096,9,154,6
1096,1097,9,48,7
1097,1098,9,18,1
1098,1099,9,144,13
1099,1100,9,169,1
1100,1101,9,155,0
1101,1102,9,164,0
1102,1103,9,52,1
1103,1104,9,6,6
1104,1105,9,117,15
1105,1106,9,9,14
1106,1107,9,122,16
1107,1108,9,101,11
1108,1109,9,110,1
1109,1110,9,34,16
1110,1111,9,139,18
1111,1112,9,132,16
1112,1113,9,21,2
1113,1114,9,98,5
1114,1115,9,112,2
1115,1116,9,74,11
1116,1117,9,193,17
1117,1118,9,109,9
1118,1119,9,30,1
1119,1120,9,182,17
1120,1121,9,85,18
1121,1122,9,183,4
1122,1123,9,31,14
1123,1124,9,119,16
1124,1125,9,65,17
1125,1126,9,58,7
1126,1127,9,37,19
1127,1128,9,157,8
1128,1129,9,128,16
1129,1130,9,23,11
1130,1131,9,200,19
1131,1132,9,73,19
1132,1133,9,165,10
1133,1134,9,152,5
1134,1135,9,114,1
1135,1136,9,90,1
1136,1137,9,58,8
1137,1138,9,145,10
1138,1139,9,144,1
1139,1140,9,148,12
1140,1141,9,72,1
1141,1142,9,59,16
1142,1143,9,84,1
1143,1144,9,196,14
1144,1145,9,173,1
1145,1146,9,180,5
1146,1147,9,191,13
1147,1148,9,12,5
1148,1149,9,32,3
1149,1150,9,18,14
1150,1151,9,23,9
1151,1152,9,183,18
1152,1153,9,153,3
1153,1154,9,9,4
1154,1155,9,152,9
1155,1156,9,109,15
1156,1157,9,180,11
1157,1158,9,185,3
1158,1159,9,186,4
1159,1160,9,42,3
1160,1161,9,130,16
1161,1162,9,167,2
1162,1163,9,182,11
1163,1164,9,137,7
1164,1165,9,62,1
1165,1166,9,104,7
1166,1167,9,13,9
1167,1168,9,16,0
1168,1169,9,163,7
1169,1170,9,176,8
1170,1171,9,148,6
1171,1172,9,16,16
1172,1173,9,87,19
1173,1174,9,103,3
1174,1175,9,75,16
1175,1176,9,138,0
1176,1177,9,172,16
1177,1178,9,118,17
1178,1179,9,121,8
1179,1180,9,95,8
1180,1181,9,192,18
1181,1182,9,110,17
1182,1183,9,59,5
1183,1184,9,49,19
1184,1185,9,56,5
1185,1186,9,47,18
1186,1187,9,31,3
1187,1188,9,157,4
1188,1189,9,200,3
1189,1190,9,176,1
1190,1191,9,74,2
1191,1192,9,31,18
1192,1193,9,58,15
1193,1194,9,41,6
1194,1195,9,10,13
1195,1196,9,39,14
1196,1197,9,139,5
1197,1198,9,1,17
1198,1199,9,40,9
1199,1200,9,45,4
1200,1201,9,186,1
1201,1202,9,19,1
1202,1203,9,105,6
1203,1204,9,1,4
1204,1205,9,21,15
1205,1206,9,137,16
1206,1207,9,9,10
1207,1208,9,157,9
1208,1209,9,165,15
1209,1210,9,3,9
1210,1211,9,67,6
1211,1212,9,177,0
1212,1213,9,4,4
1213,1214,9,123,14
1214,1215,9,4,5
1215,1216,9,123,6
1216,1217,9,77,15
1217,1218,9,50,8
1218,1219,9,49,8
1219,1220,9,6,6
1220,1221,9,5,10
1221,1222,9,91,17
1222,1223,9,168,9
1223,1224,9,53,3
1224,1225,9,35,10
1225,1226,9,69,2
1226,1227,9,98,2
1227,1228,9,154,7
1228,1229,9,97,4
1229,1230,9,176,7
1230,1231,9,109,18
1231,1232,9,53,5
1232,1233,9,10,19
1233,1234,9,109,13
1234,1235,9,126,14
1235,1236,9,54,15
1236,1237,9,101,1
1237,1238,9,149,0
1238,1239,9,164,11
1239,1240,9,85,18
1240,1241,9,102,11
1241,1242,9,165,5
1242,1243,9,132,13
1243,1244,9,138,17
1244,1245,9,154,18
1245,1246,9,177,17
1246,1247,9,78,14
1247,1248,9,134,6
1248,1249,9,70,5
1249,1250,9,148,7
1250,1251,9,163,2
1251,1252,9,28,2
1252,1253,9,183,18
1253,1254,9,18,9
1254,1255,9,129,9
1255,1256,9,171,15
1256,1257,9,196,15
1257,1258,9,192,9
1258,1259,9,97,1
1259,1260,9,188,9
1260,1261,9,189,15
1261,1262,9,79,1
1262,1263,9,156,15
1263,1264,9,128,16
1264,1265,9,101,12
1265,1266,9,28,9
1266,1267,9,138,14
1267,1268,9,21,18
1268,1269,9,134,8
1269,1270,9,79,5
1270,1271,9,177,13
1271,1272,9,57,14
1272,1273,9,16,4
1273,1274,9,150,14
1274,1275,9,194,0
1275,1276,9,107,4
1276,1277,9,158,17
1277,1278,9,133,8
1278,1279,9,148,12
1279,1280,9,113,17
1280,1281,9,162,1
1281,1282,9,35,6
1282,1283,9,80,7
1283,1284,9,199,5
1284,1285,9,67,0
1285,1286,9,190,1
1286,1287,9,127,3
1287,1288,9,86,5
1288,1289,9,157,0
1289,1290,9,124,10
1290,1291,9,186,19
1291,1292,9,121,13
1292,1293,9,133,10
1293,1294,9,11,14
1294,1295,9,139,4
1295,1296,9,26,16
1296,1297,9,183,15
1297,1298,9,143,1
1298,1299,9,99,12
1299,1300,9,106,3
1300,1301,9,136,18
1301,1302,9,21,10
1302,1303,9,28,9
1303,1304,9,139,17
1304,1305,9,52,9
1305,1306,9,50,8
1306,1307,9,120,3
1307,1308,9,51,18
1308,1309,10,55,19
1309,1310,10,181,16
1310,1311,10,53,1
1311,1312,10,195,4
1312,1313,10,125,1
1313,1314,10,77,5
1314,1315,10,77,12
1315,1316,10,30,11
1316,1317,10,65,2
1317,1318,10,36,16
1318,1319,10,65,11
1319,1320,10,92,12
1320,1321,10,70,1
1321,1322,10,56,1
1322,1323,10,14,14
1323,1324,10,132,16
1324,1325,10,104,7
1325,1326,10,180,16
1326,1327,10,112,5
1327,1328,10,62,6
1328,1329,10,124,4
1329,1330,10,77,10
1330,1331,10,180,7
1331,1332,10,66,16
1332,1333,10,167,0
1333,1334,10,189,4
1334,1335,10,81,19
1335,1336,10,170,1
1336,1337,10,83,12
1337,1338,10,48,18
1338,1339,10,171,4
1339,1340,10,109,4
1340,1341,10,102,12
1341,1342,10,62,4
1342,1343,10,22,19
1343,1344,10,17,12
1344,1345,10,11,10
1345,1346,10,161,18
1346,1347,10,123,19
1347,1348,10,122,4
1348,1349,10,156,10
1349,1350,10,52,15
1350,1351,10,158,18
1351,1352,10,47,4
1352,1353,10,46,6
1353,1354,10,84,6
1354,1355,10,158,15
1355,1356,10,133,18
1356,1357,10,155,12
1357,1358,10,66,12
1358,1359,10,165,2
1359,1360,10,108,18
1360,1361,10,33,2
1361,1362,10,101,0
1362,1363,10,47,16
1363,1364,10,45,7
1364,1365,10,145,0
1365,1366,10,139,9
1366,1367,10,81,16
1367,1368,10,100,1
1368,1369,10,8,9
1369,1370,10,85,15
1370,1371,10,160,2
1371,1372,10,117,11
1372,1373,10,22,9
1373,1374,10,142,1
1374,1375,10,199,7
1375,1376,10,74,6
1376,1377,10,7,19
1377,1378,10,73,18
1378,1379,10,59,7
1379,1380,10,2,1
1380,1381,10,148,9
1381,1382,10,180,0
1382,1383,10,12,10
1383,1384,10,109,4
1384,1385,10,91,8
1385,1386,10,128,6
1386,1387,10,156,4
1387,1388,10,73,16
1388,1389,10,158,13
1389,1390,10,122,18
1390,1391,10,46,0
1391,1392,10,176,1
1392,1393,10,36,5
1393,1394,10,187,17
1394,1395,10,181,2
1395,1396,10,151,17
1396,1397,10,17,3
1397,1398,10,35,18
1398,1399,10,27,6
1399,1400,10,51,18
1400,1401,10,88,1
1401,1402,10,194,10
1402,1403,10,1,9
1403,1404,10,101,0
1404,1405,10,31,8
1405,1406,10,157,18
1406,1407,10,6,14
1407,1408,10,17,12
1408,1409,10,131,16
1409,1410,10,83,13
1410,1411,10,51,3
1411,1412,10,84,17
1412,1413,10,140,10
1413,1414,10,142,8
1414,1415,10,158,11
1415,1416,10,91,12
1416,1417,10,171,13
1417,1418,10,86,8
1418,1419,10,114,1
1419,1420,10,145,5
1420,1421,10,196,10
1421,1422,10,26,17
1422,1423,10,138,14
1423,1424,10,31,1
1424,1425,10,16,11
1425,1426,10,126,8
1426,1427,10,140,14
1427,1428,10,180,11
1428,1429,10,47,5
1429,1430,10,10,3
1430,1431,10,44,14
1431,1432,10,163,10
1432,1433,10,5,10
1433,1434,10,93,0
1434,1435,10,173,1
1435,1436,10,6,0
1436,1437,10,91,16
1437,1438,10,86,1
1438,1439,10,109,19
1439,1440,10,14,13
1440,1441,10,47,16
1441,1442,10,105,11
1442,1443,10,68,10
1443,1444,10,127,16
1444,1445,10,119,13
1445,1446,10,11,4
1446,1447,10,103,9
1447,1448,10,31,1
1448,1449,10,63,8
1449,1450,10,86,3
1450,1451,10,166,15
1451,1452,10,17,1
1452,1453,10,114,0
1453,1454,10,142,12
1454,1455,10,11,17
1455,1456,10,20,1
1456,1457,10,144,4
1457,1458,10,184,13
1458,1459,10,136,5
1459,1460,10,122,10
1460,1461,10,128,10
1461,1462,10,185,1
1462,1463,10,156,18
1463,1464,10,92,6
1464,1465,10,31,12
1465,1466,10,91,13
1466,1467,10,31,4
1467,1468,10,66,14
1468,1469,10,180,18
1469,1470,10,26,9
1470,1471,10,83,2
1471,1472,10,160,10
1472,1473,10,177,1
1473,1474,10,58,14
1474,1475,10,60,12
1475,1476,10,67,19
1476,1477,10,178,4
1477,1478,10,174,0
1478,1479,10,41,18
1479,1480,10,68,5
1480,1481,10,13,19
1481,1482,10,75,5
1482,1483,10,54,15
1483,1484,10,137,13
1484,1485,10,63,10
1485,1486,10,45,13
1486,1487,10,176,7
1487,1488,10,183,12
1488,1489,10,35,7
1489,1490,10,19,14
1490,1491,10,31,6
1491,1492,10,177,16
1492,1493,10,121,17
1493,1494,10,5,4
1494,1495,10,99,10
1495,1496,10,121,13
1496,1497,10,158,15
1497,1498,10,54,15
1498,1499,10,166,19
1499,1500,10,60,2
1500,1501,10,158,17
1501,1502,10,35,7
1502,1503,10,1,12
1503,1504,10,21,0
1504,1505,10,95,4
1505,1506,10,71,8
1506,1507,10,71,0
1507,1508,10,20,5
1508,1509,10,58,4
1509,1510,10,93,15
1510,1511,10,153,14
1511,1512,10,57,6
1512,1513,10,92,5
1513,1514,10,87,18
1514,1515,10,74,14
1515,1516,10,146,10
1516,1517,10,173,1
1517,1518,10,92,3
1518,1519,10,169,4
1519,1520,10,125,14
1520,1521,10,146,12
1521,1522,10,97,18
1522,1523,10,156,1
1523,1524,10,146,1
1524,1525,10,187,1
1525,1526,10,51,2
1526,1527,11,178,6
1527,1528,11,142,10
1528,1529,11,139,8
1529,1530,11,19,4
1530,1531,11,108,3
1531,1532,11,129,0
1532,1533,11,67,16
1533,1534,11,40,9
1534,1535,11,156,3
1535,1536,11,67,6
1536,1537,11,11,14
1537,1538,11,127,2
1538,1539,11,48,6
1539,1540,11,62,15
1540,1541,11,114,17
1541,1542,11,2,12
1542,1543,11,2,3
1543,1544,11,34,2
1544,1545,11,152,1
1545,1546,11,165,14
1546,1547,11,112,3
1547,1548,11,5,6
1548,1549,11,155,9
1549,1550,11,149,11
1550,1551,11,37,16
1551,1552,11,72,17
1552,1553,11,50,11
1553,1554,11,154,19
1554,1555,11,126,16
1555,1556,11,71,17
1556,1557,11,67,16
1557,1558,11,131,8
1558,1559,11,167,5
1559,1560,11,53,1
1560,1561,11,146,17
1561,1562,11,176,14
1562,1563,11,164,11
1563,1564,11,91,7
1564,1565,11,122,11
1565,1566,11,85,10
1566,1567,11,106,13
1567,1568,11,188,4
1568,1569,11,16,0
1569,1570,11,22,11
1570,1571,11,196,4
1571,1572,11,66,7
1572,1573,11,169,8
1573,1574,11,125,8
1574,1575,11,165,6
1575,1576,11,73,19
1576,1577,11,18,16
1577,1578,11,28,16
1578,1579,11,180,10
1579,1580,11,180,1
1580,1581,11,47,19
1581,1582,11,173,15
1582,1583,11,78,10
1583,1584,11,136,10
1584,1585,11,200,19
1585,1586,11,16,17
1586,1587,11,9,6
1587,1588,11,133,3
1588,1589,11,1,6
1589,1590,11,171,18
1590,1591,11,188,4
1591,1592,11,154,2
1592,1593,11,187,13
1593,1594,11,88,3
1594,1595,11,60,8
1595,1596,11,182,11
1596,1597,11,174,9
1597,1598,11,50,10
1598,1599,11,15,3
1599,1600,11,164,3
1600,1601,11,190,5
1601,1602,11,157,4
1602,1603,11,155,3
1603,1604,11,70,16
1604,1605,11,18,1
1605,1606,11,183,12
1606,1607,11,93,5
1607,1608,11,116,1
1608,1609,11,155,15
1609,1610,11,62,1
1610,1611,11,33,14
1611,1612,11,98,15
1612,1613,11,46,15
1613,1614,11,140,14
1614,1615,11,64,14
1615,1616,11,162,1
1616,1617,11,18,19
1617,1618,11,89,5
1618,1619,11,49,1
1619,1620,11,147,14
1620,1621,11,160,6
1621,1622,11,68,10
1622,1623,11,110,18
1623,1624,11,199,6
1624,1625,11,29,12
1625,1626,11,188,9
1626,1627,11,2,1
1627,1628,11,119,2
1628,1629,11,105,17
1629,1630,11,97,16
1630,1631,11,109,1
1631,1632,11,96,13
1632,1633,11,20,11
1633,1634,11,175,18
1634,1635,11,112,7
1635,1636,11,2,1
1636,1637,11,135,1
1637,1638,11,107,2
1638,1639,11,156,2
1639,1640,11,128,9
1640,1641,11,79,0
1641,1642,11,65,18
1642,1643,11,43,13
1643,1644,11,61,0
1644,1645,11,165,15
1645,1646,11,25,2
1646,1647,11,139,6
1647,1648,11,84,15
1648,1649,11,73,10
1649,1650,11,86,14
1650,1651,11,126,9
1651,1652,11,83,1
1652,1653,11,5,0
1653,1654,11,79,16
1654,1655,11,51,15
1655,1656,11,69,15
1656,1657,11,170,5
1657,1658,11,61,10
1658,1659,11,175,2
1659,1660,11,53,2
1660,1661,11,139,4
1661,1662,11,26,14
1662,1663,11,107,13
1663,1664,11,17,1
1664,1665,11,191,18
1665,1666,11,7,1
1666,1667,11,15,8
1667,1668,11,38,1
1668,1669,11,163,10
1669,1670,11,132,5
1670,1671,11,61,12
1671,1672,11,1,15
1672,1673,11,75,16
1673,1674,11,186,16
1674,1675,11,74,3
1675,1676,11,9,9
1676,1677,11,184,14
1677,1678,11,160,18
1678,1679,11,43,12
1679,1680,11,98,1
1680,1681,11,55,7
1681,1682,11,149,15
1682,1683,11,185,8
1683,1684,11,37,17
1684,1685,11,115,9
1685,1686,11,97,15
1686,1687,11,82,7
1687,1688,11,112,12
1688,1689,11,169,11
1689,1690,11,178,2
1690,1691,11,66,1
1691,1692,11,126,18
1692,1693,11,66,19
1693,1694,11,25,15
1694,1695,11,23,4
1695,1696,11,135,6
1696,1697,11,167,2
1697,1698,11,115,18
1698,1699,11,97,17
1699,1700,11,82,17
1700,1701,11,145,9
1701,1702,11,90,19
1702,1703,11,129,15
1703,1704,11,48,2
1704,1705,11,143,7
1705,1706,11,36,13
1706,1707,11,95,16
1707,1708,11,119,5
1708,1709,11,146,4
1709,1710,11,152,1
1710,1711,11,14,8
1711,1712,11,137,3
1712,1713,11,187,1
1713,1714,11,142,17
1714,1715,11,115,17
1715,1716,11,180,10
1716,1717,11,36,3
1717,1718,11,184,5
1718,1719,11,35,7
1719,1720,11,192,6
1720,1721,11,102,17
1721,1722,11,69,12
1722,1723,11,136,7
1723,1724,11,197,7
1724,1725,11,32,1
1725,1726,11,100,12
1726,1727,11,99,19
1727,1728,11,125,7
1728,1729,11,87,1
1729,1730,11,51,19
1730,1731,11,9,14
1731,1732,11,43,15
1732,1733,11,46,6
1733,1734,11,176,11
1734,1735,11,166,11
1735,1736,11,195,10
1736,1737,11,155,0
1737,1738,11,74,19
1738,1739,11,168,15
1739,1740,11,30,3
1740,1741,11,49,4
1741,1742,11,78,19
1742,1743,11,173,16
1743,1744,11,75,3
1744,1745,12,130,1
1745,1746,12,143,12
1746,1747,12,192,8
1747,1748,12,36,6
1748,1749,12,30,11
1749,1750,12,124,12
1750,1751,12,113,16
1751,1752,12,199,1
1752,1753,12,74,13
1753,1754,12,153,6
1754,1755,12,41,19
1755,1756,12,54,18
1756,1757,12,120,16
1757,1758,12,75,13
1758,1759,12,120,17
1759,1760,12,53,0
1760,1761,12,175,7
1761,1762,12,117,16
1762,1763,12,102,17
1763,1764,12,48,8
1764,1765,12,8,14
1765,1766,12,173,16
1766,1767,12,50,16
1767,1768,12,91,10
1768,1769,12,143,2
1769,1770,12,119,12
1770,1771,12,151,10
1771,1772,12,193,13
1772,1773,12,32,1
1773,1774,12,110,19
1774,1775,12,110,19
1775,1776,12,121,16
1776,1777,12,8,6
1777,1778,12,102,16
1778,1779,12,16,9
1779,1780,12,18,4
1780,1781,12,8,19
1781,1782,12,199,18
1782,1783,12,45,19
1783,1784,12,196,0
1784,1785,12,105,8
1785,1786,12,119,1
1786,1787,12,171,6
1787,1788,12,172,18
1788,1789,12,44,19
1789,1790,12,95,7
1790,1791,12,55,9
1791,1792,12,25,19
1792,1793,12,13,15
1793,1794,12,86,14
1794,1795,12,165,19
1795,1796,12,47,12
1796,1797,12,6,17
1797,1798,12,130,19
1798,1799,12,148,10
1799,1800,12,123,15
1800,1801,12,66,3
1801,1802,12,120,16
1802,1803,12,136,1
1803,1804,12,99,10
1804,1805,12,9,11
1805,1806,12,142,10
1806,1807,12,33,10
1807,1808,12,31,10
1808,1809,12,20,18
1809,1810,12,27,6
1810,1811,12,30,19
1811,1812,12,11,12
1812,1813,12,157,14
1813,1814,12,31,3
1814,1815,12,19,11
1815,1816,12,81,2
1816,1817,12,152,0
1817,1818,12,176,1
1818,1819,12,148,17
1819,1820,12,30,6
1820,1821,12,194,12
1821,1822,12,60,8
1822,1823,12,152,19
1823,1824,12,5,11
1824,1825,12,44,9
1825,1826,12,120,17
1826,1827,12,15,14
1827,1828,12,171,10
1828,1829,12,1,15
1829,1830,12,173,2
1830,1831,12,113,4
1831,1832,12,143,0
1832,1833,12,198,4
1833,1834,12,142,2
1834,1835,12,9,6
1835,1836,12,162,13
1836,1837,12,167,12
1837,1838,12,170,19
1838,1839,12,127,9
1839,1840,12,172,7
1840,1841,12,133,17
1841,1842,12,185,1
1842,1843,12,164,3
1843,1844,12,103,4
1844,1845,12,29,4
1845,1846,12,66,15
1846,1847,12,76,3
1847,1848,12,133,16
1848,1849,12,180,2
1849,1850,12,121,5
1850,1851,12,56,13
1851,1852,12,190,8
1852,1853,12,117,14
1853,1854,12,32,6
1854,1855,12,67,17
1855,1856,12,111,13
1856,1857,12,76,4
1857,1858,12,43,11
1858,1859,12,82,2
1859,1860,12,136,0
1860,1861,12,139,4
1861,1862,12,94,11
1862,1863,12,83,9
1863,1864,12,54,12
1864,1865,12,139,7
1865,1866,12,65,11
1866,1867,12,68,10
1867,1868,12,159,15
1868,1869,12,138,3
1869,1870,12,44,1
1870,1871,12,141,9
1871,1872,12,49,9
1872,1873,12,94,18
1873,1874,12,97,9
1874,1875,12,18,19
1875,1876,12,34,8
1876,1877,12,186,9
1877,1878,12,194,19
1878,1879,12,1,12
1879,1880,12,111,8
1880,1881,12,91,1
1881,1882,12,112,12
1882,1883,12,10,2
1883,1884,12,54,3
1884,1885,12,154,4
1885,1886,12,74,7
1886,1887,12,31,5
1887,1888,12,142,12
1888,1889,12,39,9
1889,1890,12,24,6
1890,1891,12,169,12
1891,1892,12,170,14
1892,1893,12,146,9
1893,1894,12,46,6
1894,1895,12,26,15
1895,1896,12,152,3
1896,1897,12,56,12
1897,1898,12,14,19
1898,1899,12,188,4
1899,1900,12,9,11
1900,1901,12,110,18
1901,1902,12,98,3
1902,1903,12,44,19
1903,1904,12,97,7
1904,1905,12,11,8
1905,1906,12,18,19
1906,1907,12,33,2
1907,1908,12,111,15
1908,1909,12,94,3
1909,1910,12,56,12
1910,1911,12,152,7
1911,1912,12,31,4
1912,1913,12,119,15
1913,1914,12,39,19
1914,1915,12,47,3
1915,1916,12,49,3
1916,1917,12,163,9
1917,1918,12,189,12
1918,1919,12,168,15
1919,1920,12,38,19
1920,1921,12,110,5
1921,1922,12,17,15
1922,1923,12,31,18
1923,1924,12,60,0
1924,1925,12,156,4
1925,1926,12,92,5
1926,1927,12,29,19
1927,1928,12,92,8
1928,1929,12,72,3
1929,1930,12,166,16
1930,1931,12,41,7
1931,1932,12,162,2
1932,1933,12,31,9
1933,1934,12,13,18
1934,1935,12,29,5
1935,1936,12,190,17
1936,1937,12,31,9
1937,1938,12,7,5
1938,1939,12,31,4
1939,1940,12,35,12
1940,1941,12,186,7
1941,1942,12,146,16
1942,1943,12,62,17
1943,1944,12,93,3
1944,1945,12,164,5
1945,1946,12,199,9
1946,1947,12,46,1
1947,1948,12,140,9
1948,1949,12,48,7
1949,1950,12,37,17
1950,1951,12,74,13
1951,1952,12,34,1
1952,1953,12,117,8
1953,1954,12,174,10
1954,1955,12,198,19
1955,1956,12,151,6
1956,1957,12,144,12
1957,1958,12,49,11
1958,1959,12,173,2
1959,1960,12,141,16
1960,1961,12,77,11
1961,1962,12,182,1
1962,1963,13,53,11
1963,1964,13,11,8
1964,1965,13,190,14
1965,1966,13,23,5
1966,1967,13,1,19
1967,1968,13,119,14
1968,1969,13,85,13
1969,1970,13,23,8
1970,1971,13,59,3
1971,1972,13,109,13
1972,1973,13,41,11
1973,1974,13,200,19
1974,1975,13,145,13
1975,1976,13,21,13
1976,1977,13,167,14
1977,1978,13,68,18
1978,1979,13,64,18
1979,1980,13,88,8
1980,1981,13,169,18
1981,1982,13,159,8
1982,1983,13,121,0
1983,1984,13,97,15
1984,1985,13,101,1
1985,1986,13,150,0
1986,1987,13,154,14
1987,1988,13,25,3
1988,1989,13,193,9
1989,1990,13,117,6
1990,1991,13,16,0
1991,1992,13,43,0
1992,1993,13,49,1
1993,1994,13,63,14
1994,1995,13,48,0
1995,1996,13,102,0
1996,1997,13,54,7
1997,1998,13,25,10
1998,1999,13,65,4
1999,2000,13,96,6
2000,2001,13,41,16
2001,2002,13,192,0
2002,2003,13,100,2
2003,2004,13,179,7
2004,2005,13,182,12
2005,2006,13,153,12
2006,2007,13,181,1
2007,2008,13,182,1
2008,2009,13,102,12
2009,2010,13,162,10
2010,2011,13,170,12
2011,2012,13,145,19
2012,2013,13,45,16
2013,2014,13,54,1
2014,2015,13,74,13
2015,2016,13,9,3
2016,2017,13,113,11
2017,2018,13,140,6
2018,2019,13,61,5
2019,2020,13,6,16
2020,2021,13,2,1
2021,2022,13,107,1
2022,2023,13,172,5
2023,2024,13,136,18
2024,2025,13,168,0
2025,2026,13,114,4
2026,2027,13,154,19
2027,2028,13,13,5
2028,2029,13,15,4
2029,2030,13,32,19
2030,2031,13,164,4
2031,2032,13,90,1
2032,2033,13,62,10
2033,2034,13,4,0
2034,2035,13,40,10
2035,2036,13,138,10
2036,2037,13,44,13
2037,2038,13,83,0
2038,2039,13,77,7
2039,2040,13,36,1
2040,2041,13,104,3
2041,2042,13,69,0
2042,2043,13,118,6
2043,2044,13,96,1
2044,2045,13,35,9
2045,2046,13,191,7
2046,2047,13,156,18
2047,2048,13,18,18
2048,2049,13,57,12
2049,2050,13,163,11
2050,2051,13,130,6
2051,2052,13,87,0
2052,2053,13,50,17
2053,2054,13,138,6
2054,2055,13,116,11
2055,2056,13,185,15
2056,2057,13,141,17
2057,2058,13,49,16
2058,2059,13,126,6
2059,2060,13,161,11
2060,2061,13,196,19
2061,2062,13,142,14
2062,2063,13,11,0
2063,2064,13,122,19
2064,2065,13,198,3
2065,2066,13,193,15
2066,2067,13,159,1
2067,2068,13,139,16
2068,2069,13,78,14
2069,2070,13,119,2
2070,2071,13,109,1
2071,2072,13,119,1
2072,2073,13,111,9
2073,2074,13,114,8
2074,2075,13,114,2
2075,2076,13,71,2
2076,2077,13,36,15
2077,2078,13,169,6
2078,2079,13,9,16
2079,2080,13,45,18
2080,2081,13,108,15
2081,2082,13,8,5
2082,2083,13,20,19
2083,2084,13,63,7
2084,2085,13,76,2
2085,2086,13,48,18
2086,2087,13,87,8
2087,2088,13,43,7
2088,2089,13,192,12
2089,2090,13,98,2
2090,2091,13,34,18
2091,2092,13,148,1
2092,2093,13,177,16
2093,2094,13,30,19
2094,2095,13,113,17
2095,2096,13,159,10
2096,2097,13,200,8
2097,2098,13,72,6
2098,2099,13,12,14
2099,2100,13,124,15
2100,2101,13,164,7
2101,2102,13,77,13
2102,2103,13,163,17
2103,2104,13,3,17
2104,2105,13,149,18
2105,2106,13,161,19
2106,2107,13,135,0
2107,2108,13,196,2
2108,2109,13,115,10
2109,2110,13,52,11
2110,2111,13,162,5
2111,2112,13,5,5
2112,2113,13,182,4
2113,2114,13,20,16
2114,2115,13,4,1
2115,2116,13,107,8
2116,2117,13,139,11
2117,2118,13,34,1
2118,2119,13,118,8
2119,2120,13,65,16
2120,2121,13,36,2
2121,2122,13,30,3
2122,2123,13,190,12
2123,2124,13,148,13
2124,2125,13,93,2
2125,2126,13,12,15
2126,2127,13,13,17
2127,2128,13,154,17
2128,2129,13,119,8
2129,2130,13,21,15
2130,2131,13,122,10
2131,2132,13,195,18
2132,2133,13,189,6
2133,2134,13,50,13
2134,2135,13,93,8
2135,2136,13,149,11
2136,2137,13,147,17
2137,2138,13,196,18
2138,2139,13,32,1
2139,2140,13,175,1
2140,2141,13,195,0
2141,2142,13,121,18
2142,2143,13,72,1
2143,2144,13,182,10
2144,2145,13,71,6
2145,2146,13,49,8
2146,2147,13,69,1
2147,2148,13,85,4
2148,2149,13,159,1
2149,2150,13,105,15
2150,2151,13,121,12
2151,2152,13,31,19
2152,2153,13,71,16
2153,2154,13,34,16
2154,2155,13,69,16
2155,2156,13,106,9
2156,2157,13,151,16
2157,2158,13,8,13
2158,2159,13,91,2
2159,2160,13,165,16
2160,2161,13,98,1
2161,2162,13,53,11
2162,2163,13,127,16
2163,2164,13,61,9
2164,2165,13,51,1
2165,2166,13,25,16
2166,2167,13,182,0
2167,2168,13,37,9
2168,2169,13,24,10
2169,2170,13,81,13
2170,2171,13,119,8
2171,2172,13,70,2
2172,2173,13,158,19
2173,2174,13,75,7
2174,2175,13,95,1
2175,2176,13,102,13
2176,2177,13,129,0
2177,2178,13,88,7
2178,2179,13,67,2
2179,2180,13,24,16
2180,2181,14,29,11
2181,2182,14,149,6
2182,2183,14,110,14
2183,2184,14,49,3
2184,2185,14,135,1
2185,2186,14,119,3
2186,2187,14,42,15
2187,2188,14,194,0
2188,2189,14,197,10
2189,2190,14,97,8
2190,2191,14,135,13
2191,2192,14,45,2
2192,2193,14,178,19
2193,2194,14,127,1
2194,2195,14,91,8
2195,2196,14,200,9
2196,2197,14,18,13
2197,2198,14,175,6
2198,2199,14,41,15
2199,2200,14,194,0
2200,2201,14,159,12
2201,2202,14,194,8
2202,2203,14,41,1
2203,2204,14,187,13
2204,2205,14,42,15
2205,2206,14,123,7
2206,2207,14,42,8
2207,2208,14,19,13
2208,2209,14,200,12
2209,2210,14,116,0
2210,2211,14,183,1
2211,2212,14,189,10
2212,2213,14,9,6
2213,2214,14,161,16
2214,2215,14,134,1
2215,2216,14,96,1
2216,2217,14,65,15
2217,2218,14,102,10
2218,2219,14,29,11
2219,2220,14,137,6
2220,2221,14,9,6
2221,2222,14,103,18
2222,2223,14,133,12
2223,2224,14,55,14
2224,2225,14,77,13
2225,2226,14,101,12
2226,2227,14,163,5
2227,2228,14,26,14
2228,2229,14,192,19
2229,2230,14,3,13
2230,2231,14,119,0
2231,2232,14,155,8
2232,2233,14,185,9
2233,2234,14,94,13
2234,2235,14,200,8
2235,2236,14,103,12
2236,2237,14,170,14
2237,2238,14,28,18
2238,2239,14,64,6
2239,2240,14,92,16
2240,2241,14,144,2
2241,2242,14,94,8
2242,2243,14,56,13
2243,2244,14,38,7
2244,2245,14,59,15
2245,2246,14,5,9
2246,2247,14,182,8
2247,2248,14,64,11
2248,2249,14,104,0
2249,2250,14,75,5
2250,2251,14,194,16
2251,2252,14,24,1
2252,2253,14,58,6
2253,2254,14,1,10
2254,2255,14,148,17
2255,2256,14,123,14
2256,2257,14,189,0
2257,2258,14,112,14
2258,2259,14,78,5
2259,2260,14,166,0
2260,2261,14,73,8
2261,2262,14,78,16
2262,2263,14,122,15
2263,2264,14,115,6
2264,2265,14,98,18
2265,2266,14,136,1
2266,2267,14,147,1
2267,2268,14,139,13
2268,2269,14,25,6
2269,2270,14,197,15
2270,2271,14,8,7
2271,2272,14,123,5
2272,2273,14,77,7
2273,2274,14,87,13
2274,2275,14,188,1
2275,2276,14,35,1
2276,2277,14,118,12
2277,2278,14,1,19
2278,2279,14,165,8
2279,2280,14,124,18
2280,2281,14,22,9
2281,2282,14,64,14
2282,2283,14,134,8
2283,2284,14,101,1
2284,2285,14,189,8
2285,2286,14,56,14
2286,2287,14,107,8
2287,2288,14,127,6
2288,2289,14,64,7
2289,2290,14,185,11
2290,2291,14,17,3
2291,2292,14,33,19
2292,2293,14,170,1
2293,2294,14,140,19
2294,2295,14,171,1
2295,2296,14,86,15
2296,2297,14,193,5
2297,2298,14,145,16
2298,2299,14,149,17
2299,2300,14,133,12
2300,2301,14,174,4
2301,2302,14,131,19
2302,2303,14,64,4
2303,2304,14,166,18
2304,2305,14,24,12
2305,2306,14,136,1
2306,2307,14,4,13
2307,2308,14,20,7
2308,2309,14,43,1
2309,2310,14,95,10
2310,2311,14,165,5
2311,2312,14,130,4
2312,2313,14,192,5
2313,2314,14,143,1
2314,2315,14,23,8
2315,2316,14,170,16
2316,2317,14,191,2
2317,2318,14,54,4
2318,2319,14,7,12
2319,2320,14,152,9
2320,2321,14,37,4
2321,2322,14,130,11
2322,2323,14,183,19
2323,2324,14,9,12
2324,2325,14,156,10
2325,2326,14,181,1
2326,2327,14,182,10
2327,2328,14,95,14
2328,2329,14,31,0
2329,2330,14,118,15
2330,2331,14,104,17
2331,2332,14,138,16
2332,2333,14,146,6
2333,2334,14,139,18
2334,2335,14,12,19
2335,2336,14,30,3
2336,2337,14,158,8
2337,2338,14,83,7
2338,2339,14,72,1
2339,2340,14,122,17
2340,2341,14,73,19
2341,2342,14,73,8
2342,2343,14,97,9
2343,2344,14,16,14
2344,2345,14,191,12
2345,2346,14,134,7
2346,2347,14,134,12
2347,2348,14,63,14
2348,2349,14,98,7
2349,2350,14,80,16
2350,2351,14,87,18
2351,2352,14,118,17
2352,2353,14,15,12
2353,2354,14,52,6
2354,2355,14,172,13
2355,2356,14,135,1
2356,2357,14,135,11
2357,2358,14,149,12
2358,2359,14,89,19
2359,2360,14,41,7
2360,2361,14,165,6
2361,2362,14,11,17
2362,2363,14,130,9
2363,2364,14,9,9
2364,2365,14,105,8
2365,2366,14,165,18
2366,2367,14,21,19
2367,2368,14,161,3
2368,2369,14,158,0
2369,2370,14,128,1
2370,2371,14,181,13
2371,2372,14,184,11
2372,2373,14,46,10
2373,2374,14,31,2
2374,2375,14,182,4
2375,2376,14,14,19
2376,2377,14,82,12
2377,2378,14,28,8
2378,2379,14,101,8
2379,2380,14,191,2
2380,2381,14,114,10
2381,2382,14,71,11
2382,2383,14,161,0
2383,2384,14,164,19
2384,2385,14,129,1
2385,2386,14,15,14
2386,2387,14,184,9
2387,2388,14,77,9
2388,2389,14,19,0
2389,2390,14,76,1
2390,2391,14,152,2
2391,2392,14,171,10
2392,2393,14,45,10
2393,2394,14,153,18
2394,2395,14,96,13
2395,2396,14,171,1
2396,2397,14,11,7
2397,2398,14,177,8
2398,2399,15,183,1
2399,2400,15,28,1
2400,2401,15,37,13
2401,2402,15,110,14
2402,2403,15,133,1
2403,2404,15,159,19
2404,2405,15,142,8
2405,2406,15,29,0
2406,2407,15,57,3
2407,2408,15,191,19
2408,2409,15,83,12
2409,2410,15,176,1
2410,2411,15,118,2
2411,2412,15,54,0
2412,2413,15,170,18
2413,2414,15,118,2
2414,2415,15,115,1
2415,2416,15,116,5
2416,2417,15,154,12
2417,2418,15,76,13
2418,2419,15,161,13
2419,2420,15,116,13
2420,2421,15,200,7
2421,2422,15,48,3
2422,2423,15,16,13
2423,2424,15,151,4
2424,2425,15,128,6
2425,2426,15,158,12
2426,2427,15,49,10
2427,2428,15,94,0
2428,2429,15,30,17
2429,2430,15,84,14
2430,2431,15,69,3
2431,2432,15,41,4
2432,2433,15,175,15
2433,2434,15,61,9
2434,2435,15,134,1
2435,2436,15,103,12
2436,2437,15,26,12
2437,2438,15,141,7
2438,2439,15,197,16
2439,2440,15,144,18
2440,2441,15,171,6
2441,2442,15,188,12
2442,2443,15,46,4
2443,2444,15,86,5
2444,2445,15,11,7
2445,2446,15,49,6
2446,2447,15,65,4
2447,2448,15,51,18
2448,2449,15,121,10
2449,2450,15,79,10
2450,2451,15,192,17
2451,2452,15,48,11
2452,2453,15,164,10
2453,2454,15,196,17
2454,2455,15,12,2
2455,2456,15,97,1
2456,2457,15,9,2
2457,2458,15,155,1
2458,2459,15,7,1
2459,2460,15,128,7
2460,2461,15,191,16
2461,2462,15,122,10
2462,2463,15,143,5
2463,2464,15,106,13
2464,2465,15,77,17
2465,2466,15,39,3
2466,2467,15,195,8
2467,2468,15,55,12
2468,2469,15,198,6
2469,2470,15,31,9
2470,2471,15,187,3
2471,2472,15,70,1
2472,2473,15,130,16
2473,2474,15,19,8
2474,2475,15,75,5
2475,2476,15,13,1
2476,2477,15,102,1
2477,2478,15,177,6
2478,2479,15,112,1
2479,2480,15,178,12
2480,2481,15,18,2
2481,2482,15,116,17
2482,2483,15,15,14
2483,2484,15,177,1
2484,2485,15,111,10
2485,2486,15,135,11
2486,2487,15,172,1
2487,2488,15,138,19
2488,2489,15,28,19
2489,2490,15,151,17
2490,2491,15,77,11
2491,2492,15,7,5
2492,2493,15,180,0
2493,2494,15,22,1
2494,2495,15,168,1
2495,2496,15,152,19
2496,2497,15,40,14
2497,2498,15,17,18
2498,2499,15,166,14
2499,2500,15,49,19
2500,2501,15,99,10
2501,2502,15,20,12
2502,2503,15,133,9
2503,2504,15,37,1
2504,2505,15,182,8
2505,2506,15,133,1
2506,2507,15,70,11
2507,2508,15,191,18
2508,2509,15,80,2
2509,2510,15,158,5
2510,2511,15,40,7
2511,2512,15,72,3
2512,2513,15,39,1
2513,2514,15,200,3
2514,2515,15,23,0
2515,2516,15,185,1
2516,2517,15,100,12
2517,2518,15,104,3
2518,2519,15,13,17
2519,2520,15,1,13
2520,2521,15,123,5
2521,2522,15,82,3
2522,2523,15,151,7
2523,2524,15,50,1
2524,2525,15,110,2
2525,2526,15,122,14
2526,2527,15,95,3
2527,2528,15,93,9
2528,2529,15,94,2
2529,2530,15,14,1
2530,2531,15,139,17
2531,2532,15,78,19
2532,2533,15,19,5
2533,2534,15,20,10
2534,2535,15,1,19
2535,2536,15,36,3
2536,2537,15,18,14
2537,2538,15,158,4
2538,2539,15,200,10
2539,2540,15,6,1
2540,2541,15,152,0
2541,2542,15,166,5
2542,2543,15,40,1
2543,2544,15,126,18
2544,2545,15,112,9
2545,2546,15,93,6
2546,2547,15,10,4
2547,2548,15,26,10
2548,2549,15,70,0
2549,2550,15,48,0
2550,2551,15,63,6
2551,2552,15,81,10
2552,2553,15,25,4
2553,2554,15,77,17
2554,2555,15,106,1
2555,2556,15,49,14
2556,2557,15,145,8
2557,2558,15,96,1
2558,2559,15,101,17
2559,2560,15,188,0
2560,2561,15,1,13
2561,2562,15,22,10
2562,2563,15,114,4
2563,2564,15,38,4
2564,2565,15,102,11
2565,2566,15,155,7
2566,2567,15,57,2
2567,2568,15,57,6
2568,2569,15,53,4
2569,2570,15,16,1
2570,2571,15,58,8
2571,2572,15,11,18
2572,2573,15,94,16
2573,2574,15,101,15
2574,2575,15,174,17
2575,2576,15,49,6
2576,2577,15,45,5
2577,2578,15,103,2
2578,2579,15,196,12
2579,2580,15,2,8
2580,2581,15,116,6
2581,2582,15,70,12
2582,2583,15,179,18
2583,2584,15,36,16
2584,2585,15,101,18
2585,2586,15,187,4
2586,2587,15,112,10
2587,2588,15,106,12
2588,2589,15,112,17
2589,2590,15,66,18
2590,2591,15,81,13
2591,2592,15,28,1
2592,2593,15,169,3
2593,2594,15,77,0
2594,2595,15,197,1
2595,2596,15,17,3
2596,2597,15,187,12
2597,2598,15,98,8
2598,2599,15,148,5
2599,2600,15,138,18
2600,2601,15,72,2
2601,2602,15,102,13
2602,2603,15,77,2
2603,2604,15,92,19
2604,2605,15,103,6
2605,2606,15,193,4
2606,2607,15,191,18
2607,2608,15,160,0
2608,2609,15,31,16
2609,2610,15,173,13
2610,2611,15,192,2
2611,2612,15,107,6
2612,2613,15,52,11
2613,2614,15,158,16
2614,2615,15,178,11
2615,2616,15,10,9
2616,2617,16,33,10
2617,2618,16,10,9
2618,2619,16,83,7
2619,2620,16,72,1
2620,2621,16,39,0
2621,2622,16,11,19
2622,2623,16,45,6
2623,2624,16,38,2
2624,2625,16,192,1
2625,2626,16,164,19
2626,2627,16,65,18
2627,2628,16,28,6
2628,2629,16,119,14
2629,2630,16,163,0
2630,2631,16,61,9
2631,2632,16,154,7
2632,2633,16,53,7
2633,2634,16,53,16
2634,2635,16,166,15
2635,2636,16,9,0
2636,2637,16,117,0
2637,2638,16,141,15
2638,2639,16,178,19
2639,2640,16,87,2
2640,2641,16,89,7
2641,2642,16,24,4
2642,2643,16,30,7
2643,2644,16,154,16
2644,2645,16,74,2
2645,2646,16,20,0
2646,2647,16,138,8
2647,2648,16,183,18
2648,2649,16,8,0
2649,2650,16,126,5
2650,2651,16,191,5
2651,2652,16,3,18
2652,2653,16,79,5
2653,2654,16,64,18
2654,2655,16,194,3
2655,2656,16,90,6
2656,2657,16,128,9
2657,2658,16,149,7
2658,2659,16,130,1
2659,2660,16,165,11
2660,2661,16,134,17
2661,2662,16,146,9
2662,2663,16,42,1
2663,2664,16,161,5
2664,2665,16,69,12
2665,2666,16,2,19
2666,2667,16,2,5
2667,2668,16,169,11
2668,2669,16,123,8
2669,2670,16,7,1
2670,2671,16,159,4
2671,2672,16,5,1
2672,2673,16,14,12
2673,2674,16,128,11
2674,2675,16,112,5
2675,2676,16,143,10
2676,2677,16,140,17
2677,2678,16,30,11
2678,2679,16,2,4
2679,2680,16,53,1
2680,2681,16,184,1
2681,2682,16,13,5
2682,2683,16,141,10
2683,2684,16,48,13
2684,2685,16,149,0
2685,2686,16,138,17
2686,2687,16,169,19
2687,2688,16,105,17
2688,2689,16,55,14
2689,2690,16,47,16
2690,2691,16,134,6
2691,2692,16,75,1
2692,2693,16,152,3
2693,2694,16,20,4
2694,2695,16,138,8
2695,2696,16,34,0
2696,2697,16,111,18
2697,2698,16,4,16
2698,2699,16,190,16
2699,2700,16,50,4
2700,2701,16,5,6
2701,2702,16,63,9
2702,2703,16,125,6
2703,2704,16,48,3
2704,2705,16,42,5
2705,2706,16,82,0
2706,2707,16,172,3
2707,2708,16,186,11
2708,2709,16,19,9
2709,2710,16,165,14
2710,2711,16,71,5
2711,2712,16,124,12
2712,2713,16,58,18
2713,2714,16,175,17
2714,2715,16,69,16
2715,2716,16,169,11
2716,2717,16,158,2
2717,2718,16,58,1
2718,2719,16,101,15
2719,2720,16,167,13
2720,2721,16,162,1
2721,2722,16,41,2
2722,2723,16,93,8
2723,2724,16,72,6
2724,2725,16,103,15
2725,2726,16,109,2
2726,2727,16,47,6
2727,2728,16,13,15
2728,2729,16,19,3
2729,2730,16,133,1
2730,2731,16,20,4
2731,2732,16,57,6
2732,2733,16,13,10
2733,2734,16,45,10
2734,2735,16,182,15
2735,2736,16,200,1
2736,2737,16,117,19
2737,2738,16,142,18
2738,2739,16,47,14
2739,2740,16,28,13
2740,2741,16,187,8
2741,2742,16,42,15
2742,2743,16,79,17
2743,2744,16,172,16
2744,2745,16,102,5
2745,2746,16,1,12
2746,2747,16,11,16
2747,2748,16,142,2
2748,2749,16,16,9
2749,2750,16,173,19
2750,2751,16,131,19
2751,2752,16,13,0
2752,2753,16,70,7
2753,2754,16,74,6
2754,2755,16,40,17
2755,2756,16,62,17
2756,2757,16,33,5
2757,2758,16,150,18
2758,2759,16,184,10
2759,2760,16,97,17
2760,2761,16,63,1
2761,2762,16,181,14
2762,2763,16,127,7
2763,2764,16,11,14
2764,2765,16,126,16
2765,2766,16,188,18
2766,2767,16,156,1
2767,2768,16,151,11
2768,2769,16,133,19
2769,2770,16,40,4
2770,2771,16,167,3
2771,2772,16,194,12
2772,2773,16,143,10
2773,2774,16,21,0
2774,2775,16,97,7
2775,2776,16,27,8
2776,2777,16,161,19
2777,2778,16,121,1
2778,2779,16,42,9
2779,2780,16,71,12
2780,2781,16,78,17
2781,2782,16,189,6
2782,2783,16,31,11
2783,2784,16,50,2
2784,2785,16,50,13
2785,2786,16,47,11
2786,2787,16,122,2
2787,2788,16,36,1
2788,2789,16,95,7
2789,2790,16,164,17
2790,2791,16,9,17
2791,2792,16,147,0
2792,2793,16,78,1
2793,2794,16,117,19
2794,2795,16,129,6
2795,2796,16,56,7
2796,2797,16,43,4
2797,2798,16,178,5
2798,2799,16,131,14
2799,2800,16,170,4
2800,2801,16,42,18
2801,2802,16,125,18
2802,2803,16,113,3
2803,2804,16,31,14
2804,2805,16,194,14
2805,2806,16,76,9
2806,2807,16,59,13
2807,2808,16,145,10
2808,2809,16,193,12
2809,2810,16,27,17
2810,2811,16,200,1
2811,2812,16,178,12
2812,2813,16,49,10
2813,2814,16,171,13
2814,2815,16,127,18
2815,2816,16,128,11
2816,2817,16,132,15
2817,2818,16,146,13
2818,2819,16,162,6
2819,2820,16,87,15
2820,2821,16,101,19
2821,2822,16,116,0
2822,2823,16,61,16
2823,2824,16,128,9
2824,2825,16,35,2
2825,2826,16,192,17
2826,2827,16,91,9
2827,2828,16,140,15
2828,2829,16,45,19
2829,2830,16,115,6
2830,2831,16,168,4
2831,2832,16,115,5
2832,2833,16,146,16
2833,2834,16,91,5
2834,2835,17,185,11
2835,2836,17,120,3
2836,2837,17,105,19
2837,2838,17,175,12
2838,2839,17,25,4
2839,2840,17,100,11
2840,2841,17,29,14
2841,2842,17,148,10
2842,2843,17,70,17
2843,2844,17,154,12
2844,2845,17,19,9
2845,2846,17,181,7
2846,2847,17,27,17
2847,2848,17,76,17
2848,2849,17,75,18
2849,2850,17,166,16
2850,2851,17,22,2
2851,2852,17,138,10
2852,2853,17,158,7
2853,2854,17,133,18
2854,2855,17,7,10
2855,2856,17,110,19
2856,2857,17,118,13
2857,2858,17,11,1
2858,2859,17,124,0
2859,2860,17,74,0
2860,2861,17,146,7
2861,2862,17,139,8
2862,2863,17,56,1
2863,2864,17,14,17
2864,2865,17,148,8
2865,2866,17,116,13
2866,2867,17,13,11
2867,2868,17,132,11
2868,2869,17,197,13
2869,2870,17,199,9
2870,2871,17,93,3
2871,2872,17,164,1
2872,2873,17,86,18
2873,2874,17,12,9
2874,2875,17,97,6
2875,2876,17,132,16
2876,2877,17,60,12
2877,2878,17,36,6
2878,2879,17,166,18
2879,2880,17,55,11
2880,2881,17,75,11
2881,2882,17,42,8
2882,2883,17,26,4
2883,2884,17,41,14
2884,2885,17,25,6
2885,2886,17,17,10
2886,2887,17,17,18
2887,2888,17,27,17
2888,2889,17,26,3
2889,2890,17,180,1
2890,2891,17,140,9
2891,2892,17,37,13
2892,2893,17,64,1
2893,2894,17,124,18
2894,2895,17,150,19
2895,2896,17,25,16
2896,2897,17,57,2
2897,2898,17,57,10
2898,2899,17,155,12
2899,2900,17,7,6
2900,2901,17,158,1
2901,2902,17,152,2
2902,2903,17,115,10
2903,2904,17,165,3
2904,2905,17,82,19
2905,2906,17,79,1
2906,2907,17,198,12
2907,2908,17,124,13
2908,2909,17,93,6
2909,2910,17,111,14
2910,2911,17,141,13
2911,2912,17,15,9
2912,2913,17,7,11
2913,2914,17,129,4
2914,2915,17,114,1
2915,2916,17,19,16
2916,2917,17,52,6
2917,2918,17,167,14
2918,2919,17,108,10
2919,2920,17,100,1
2920,2921,17,38,5
2921,2922,17,28,12
2922,2923,17,158,1
2923,2924,17,11,17
2924,2925,17,169,13
2925,2926,17,23,15
2926,2927,17,28,10
2927,2928,17,86,18
2928,2929,17,99,12
2929,2930,17,66,15
2930,2931,17,97,6
2931,2932,17,147,1
2932,2933,17,60,18
2933,2934,17,53,0
2934,2935,17,77,2
2935,2936,17,37,18
2936,2937,17,53,14
2937,2938,17,137,12
2938,2939,17,134,9
2939,2940,17,85,13
2940,2941,17,22,16
2941,2942,17,93,7
2942,2943,17,170,12
2943,2944,17,127,9
2944,2945,17,161,2
2945,2946,17,89,5
2946,2947,17,157,3
2947,2948,17,6,15
2948,2949,17,153,14
2949,2950,17,116,12
2950,2951,17,86,17
2951,2952,17,135,18
2952,2953,17,5,1
2953,2954,17,105,2
2954,2955,17,21,17
2955,2956,17,58,10
2956,2957,17,127,18
2957,2958,17,142,12
2958,2959,17,54,9
2959,2960,17,9,15
2960,2961,17,67,19
2961,2962,17,7,1
2962,2963,17,178,14
2963,2964,17,90,14
2964,2965,17,108,6
2965,2966,17,72,1
2966,2967,17,11,12
2967,2968,17,148,1
2968,2969,17,130,15
2969,2970,17,41,5
2970,2971,17,31,1
2971,2972,17,44,12
2972,2973,17,145,12
2973,2974,17,25,10
2974,2975,17,102,9
2975,2976,17,133,8
2976,2977,17,137,17
2977,2978,17,171,19
2978,2979,17,113,2
2979,2980,17,118,16
2980,2981,17,62,7
2981,2982,17,144,11
2982,2983,17,83,7
2983,2984,17,200,7
2984,2985,17,188,9
2985,2986,17,65,16
2986,2987,17,95,2
2987,2988,17,11,7
2988,2989,17,157,19
2989,2990,17,149,3
2990,2991,17,29,13
2991,2992,17,179,9
2992,2993,17,155,19
2993,2994,17,62,10
2994,2995,17,185,14
2995,2996,17,150,14
2996,2997,17,149,8
2997,2998,17,132,16
2998,2999,17,152,1
2999,3000,17,49,8
3000,3001,17,19,13
3001,3002,17,106,4
3002,3003,17,120,16
3003,3004,17,9,8
3004,3005,17,104,14
3005,3006,17,6,15
3006,3007,17,146,14
3007,3008,17,28,1
3008,3009,17,191,17
3009,3010,17,26,8
3010,3011,17,158,9
3011,3012,17,8,4
3012,3013,17,123,3
3013,3014,17,96,1
3014,3015,17,151,4
3015,3016,17,115,18
3016,3017,17,193,14
3017,3018,17,197,0
3018,3019,17,176,1
3019,3020,17,83,14
3020,3021,17,14,7
3021,3022,17,24,4
3022,3023,17,146,5
3023,3024,17,105,0
3024,3025,17,3,2
3025,3026,17,189,0
3026,3027,17,3,1
3027,3028,17,185,19
3028,3029,17,35,2
3029,3030,17,82,0
3030,3031,17,176,7
3031,3032,17,59,14
3032,3033,17,26,19
3033,3034,17,88,11
3034,3035,17,77,19
3035,3036,17,97,15
3036,3037,17,168,9
3037,3038,17,14,16
3038,3039,17,26,0
3039,3040,17,10,1
3040,3041,17,93,14
3041,3042,17,120,4
3042,3043,17,159,12
3043,3044,17,31,16
3044,3045,17,1,1
3045,3046,17,47,0
3046,3047,17,21,15
3047,3048,17,143,3
3048,3049,17,82,10
3049,3050,17,154,11
3050,3051,17,76,6
3051,3052,17,29,4
3052,3053,18,127,18
3053,3054,18,48,7
3054,3055,18,17,3
3055,3056,18,82,6
3056,3057,18,147,3
3057,3058,18,62,7
3058,3059,18,76,2
3059,3060,18,10,15
3060,3061,18,186,17
3061,3062,18,159,10
3062,3063,18,179,13
3063,3064,18,46,3
3064,3065,18,118,1
3065,3066,18,2,8
3066,3067,18,11,7
3067,3068,18,88,7
3068,3069,18,140,15
3069,3070,18,37,12
3070,3071,18,183,7
3071,3072,18,72,6
3072,3073,18,1,9
3073,3074,18,135,6
3074,3075,18,53,1
3075,3076,18,96,7
3076,3077,18,45,19
3077,3078,18,118,1
3078,3079,18,67,2
3079,3080,18,188,0
3080,3081,18,5,4
3081,3082,18,19,11
3082,3083,18,113,2
3083,3084,18,10,13
3084,3085,18,75,6
3085,3086,18,87,18
3086,3087,18,180,7
3087,3088,18,15,13
3088,3089,18,78,17
3089,3090,18,1,2
3090,3091,18,181,10
3091,3092,18,133,1
3092,3093,18,108,0
3093,3094,18,86,5
3094,3095,18,109,3
3095,3096,18,107,11
3096,3097,18,82,16
3097,3098,18,167,1
3098,3099,18,6,15
3099,3100,18,76,10
3100,3101,18,4,17
3101,3102,18,78,3
3102,3103,18,155,6
3103,3104,18,134,15
3104,3105,18,56,2
3105,3106,18,34,3
3106,3107,18,53,1
3107,3108,18,189,7
3108,3109,18,97,12
3109,3110,18,135,4
3110,3111,18,6,7
3111,3112,18,91,10
3112,3113,18,86,10
3113,3114,18,136,1
3114,3115,18,153,16
3115,3116,18,18,2
3116,3117,18,84,4
3117,3118,18,3,13
3118,3119,18,139,15
3119,3120,18,192,14
3120,3121,18,185,9
3121,3122,18,1,7
3122,3123,18,43,19
3123,3124,18,91,4
3124,3125,18,109,14
3125,3126,18,198,1
3126,3127,18,14,15
3127,3128,18,141,12
3128,3129,18,189,18
3129,3130,18,128,19
3130,3131,18,144,3
3131,3132,18,64,1
3132,3133,18,87,13
3133,3134,18,187,1
3134,3135,18,7,4
3135,3136,18,110,7
3136,3137,18,181,1
3137,3138,18,119,11
3138,3139,18,40,1
3139,3140,18,130,6
3140,3141,18,156,8
3141,3142,18,188,8
3142,3143,18,27,16
3143,3144,18,158,15
3144,3145,18,182,1
3145,3146,18,155,12
3146,3147,18,117,7
3147,3148,18,135,0
3148,3149,18,84,9
3149,3150,18,78,6
3150,3151,18,187,6
3151,3152,18,89,1
3152,3153,18,34,2
3153,3154,18,164,8
3154,3155,18,190,1
3155,3156,18,43,4
3156,3157,18,162,9
3157,3158,18,1,4
3158,3159,18,42,6
3159,3160,18,10,1
3160,3161,18,103,14
3161,3162,18,15,14
3162,3163,18,168,12
3163,3164,18,127,12
3164,3165,18,162,0
3165,3166,18,14,8
3166,3167,18,167,1
3167,3168,18,101,15
3168,3169,18,124,8
3169,3170,18,43,16
3170,3171,18,140,9
3171,3172,18,79,14
3172,3173,18,133,19
3173,3174,18,134,15
3174,3175,18,154,2
3175,3176,18,56,15
3176,3177,18,120,4
3177,3178,18,99,1
3178,3179,18,151,13
3179,3180,18,40,1
3180,3181,18,60,9
3181,3182,18,9,1
3182,3183,18,150,4
3183,3184,18,88,3
3184,3185,18,12,1
3185,3186,18,180,17
3186,3187,18,164,2
3187,3188,18,112,13
3188,3189,18,19,12
3189,3190,18,3,11
3190,3191,18,151,17
3191,3192,18,51,13
3192,3193,18,42,10
3193,3194,18,84,18
3194,3195,18,152,5
3195,3196,18,119,15
3196,3197,18,55,7
3197,3198,18,132,15
3198,3199,18,158,0
3199,3200,18,23,18
3200,3201,18,57,3
3201,3202,18,122,19
3202,3203,18,109,11
3203,3204,18,73,12
3204,3205,18,105,2
3205,3206,18,197,3
3206,3207,18,61,8
3207,3208,18,82,10
3208,3209,18,103,9
3209,3210,18,26,10
3210,3211,18,76,13
3211,3212,18,36,1
3212,3213,18,100,5
3213,3214,18,137,16
3214,3215,18,59,1
3215,3216,18,193,18
3216,3217,18,106,5
3217,3218,18,74,11
3218,3219,18,98,14
3219,3220,18,171,17
3220,3221,18,179,14
3221,3222,18,91,10
3222,3223,18,34,12
3223,3224,18,101,12
3224,3225,18,1,17
3225,3226,18,84,11
3226,3227,18,17,16
3227,3228,18,148,14
3228,3229,18,21,6
3229,3230,18,161,6
3230,3231,18,4,9
3231,3232,18,88,1
3232,3233,18,83,3
3233,3234,18,143,2
3234,3235,18,121,12
3235,3236,18,154,18
3236,3237,18,120,18
3237,3238,18,50,3
3238,3239,18,107,3
3239,3240,18,173,10
3240,3241,18,49,14
3241,3242,18,36,13
3242,3243,18,101,9
3243,3244,18,133,0
3244,3245,18,24,1
3245,3246,18,165,3
3246,3247,18,87,9
3247,3248,18,170,6
3248,3249,18,155,2
3249,3250,18,62,1
3250,3251,18,116,14
3251,3252,18,181,0
3252,3253,18,16,4
3253,3254,18,44,6
3254,3255,18,167,1
3255,3256,18,86,13
3256,3257,18,165,18
3257,3258,18,124,5
3258,3259,18,3,16
3259,3260,18,137,9
3260,3261,18,177,8
3261,3262,18,53,17
3262,3263,18,110,16
3263,3264,18,96,1
3264,3265,18,8,6
3265,3266,18,29,12
3266,3267,18,145,2
3267,3268,18,109,17
3268,3269,18,118,0
3269,3270,18,132,18
3270,3271,19,135,7
3271,3272,19,16,1
3272,3273,19,11,8
3273,3274,19,118,1
3274,3275,19,18,4
3275,3276,19,117,0
3276,3277,19,138,0
3277,3278,19,181,9
3278,3279,19,148,4
3279,3280,19,118,1
3280,3281,19,152,13
3281,3282,19,179,3
3282,3283,19,70,9
3283,3284,19,29,3
3284,3285,19,128,10
3285,3286,19,54,1
3286,3287,19,91,5
3287,3288,19,124,1
3288,3289,19,95,17
3289,3290,19,8,1
3290,3291,19,7,17
3291,3292,19,38,10
3292,3293,19,58,0
3293,3294,19,138,9
3294,3295,19,150,0
3295,3296,19,49,9
3296,3297,19,35,17
3297,3298,19,1,5
3298,3299,19,27,19
3299,3300,19,43,6
3300,3301,19,2,6
3301,3302,19,9,7
3302,3303,19,163,16
3303,3304,19,9,3
3304,3305,19,43,18
3305,3306,19,75,4
3306,3307,19,154,6
3307,3308,19,88,10
3308,3309,19,135,11
3309,3310,19,137,17
3310,3311,19,112,17
3311,3312,19,62,14
3312,3313,19,198,7
3313,3314,19,173,8
3314,3315,19,21,19
3315,3316,19,40,6
3316,3317,19,9,18
3317,3318,19,22,1
3318,3319,19,61,3
3319,3320,19,111,18
3320,3321,19,193,5
3321,3322,19,3,19
3322,3323,19,122,13
3323,3324,19,61,7
3324,3325,19,50,3
3325,3326,19,115,13
3326,3327,19,194,10
3327,3328,19,157,18
3328,3329,19,179,18
3329,3330,19,121,6
3330,3331,19,51,15
3331,3332,19,175,0
3332,3333,19,106,8
3333,3334,19,167,16
3334,3335,19,171,1
3335,3336,19,142,4
3336,3337,19,159,5
3337,3338,19,133,7
3338,3339,19,106,15
3339,3340,19,9,9
3340,3341,19,191,10
3341,3342,19,50,2
3342,3343,19,16,18
3343,3344,19,14,18
3344,3345,19,197,15
3345,3346,19,54,0
3346,3347,19,123,13
3347,3348,19,56,13
3348,3349,19,1,6
3349,3350,19,174,0
3350,3351,19,90,19
3351,3352,19,101,0
3352,3353,19,114,16
3353,3354,19,112,4
3354,3355,19,64,17
3355,3356,19,153,18
3356,3357,19,45,3
3357,3358,19,103,14
3358,3359,19,110,3
3359,3360,19,17,14
3360,3361,19,106,3
3361,3362,19,104,4
3362,3363,19,38,14
3363,3364,19,83,19
3364,3365,19,85,11
3365,3366,19,89,15
3366,3367,19,116,8
3367,3368,19,62,7
3368,3369,19,108,15
3369,3370,19,89,6
3370,3371,19,128,11
3371,3372,19,125,17
3372,3373,19,74,18
3373,3374,19,185,6
3374,3375,19,143,1
3375,3376,19,37,12
3376,3377,19,8,5
3377,3378,19,83,4
3378,3379,19,190,13
3379,3380,19,6,15
3380,3381,19,128,4
3381,3382,19,143,6
3382,3383,19,85,4
3383,3384,19,119,15
3384,3385,19,115,16
3385,3386,19,84,12
3386,3387,19,30,2
3387,3388,19,41,19
3388,3389,19,164,17
3389,3390,19,107,8
3390,3391,19,179,14
3391,3392,19,116,13
3392,3393,19,181,18
3393,3394,19,10,4
3394,3395,19,9,2
3395,3396,19,43,4
3396,3397,19,193,1
3397,3398,19,25,19
3398,3399,19,63,19
3399,3400,19,60,5
3400,3401,19,17,9
3401,3402,19,97,5
3402,3403,19,15,4
3403,3404,19,62,1
3404,3405,19,34,6
3405,3406,19,127,11
3406,3407,19,131,1
3407,3408,19,171,15
3408,3409,19,45,1
3409,3410,19,102,11
3410,3411,19,107,4
3411,3412,19,117,14
3412,3413,19,39,4
3413,3414,19,12,16
3414,3415,19,56,15
3415,3416,19,12,17
3416,3417,19,175,8
3417,3418,19,125,3
3418,3419,19,39,10
3419,3420,19,64,14
3420,3421,19,91,1
3421,3422,19,16,1
3422,3423,19,133,11
3423,3424,19,55,19
3424,3425,19,91,8
3425,3426,19,64,13
3426,3427,19,54,0
3427,3428,19,9,17
3428,3429,19,190,3
3429,3430,19,17,9
3430,3431,19,148,9
3431,3432,19,178,13
3432,3433,19,146,11
3433,3434,19,89,2
3434,3435,19,83,17
3435,3436,19,47,0
3436,3437,19,103,14
3437,3438,19,195,0
3438,3439,19,6,0
3439,3440,19,12,16
3440,3441,19,108,17
3441,3442,19,167,4
3442,3443,19,66,4
3443,3444,19,177,5
3444,3445,19,115,14
3445,3446,19,123,7
3446,3447,19,176,4
3447,3448,19,63,14
3448,3449,19,63,18
3449,3450,19,75,6
3450,3451,19,161,11
3451,3452,19,105,2
3452,3453,19,72,5
3453,3454,19,77,4
3454,3455,19,102,1
3455,3456,19,183,4
3456,3457,19,186,4
3457,3458,19,20,15
3458,3459,19,9,3
3459,3460,19,100,3
3460,3461,19,153,1
3461,3462,19,121,7
3462,3463,19,171,5
3463,3464,19,182,1
3464,3465,19,169,17
3465,3466,19,150,2
3466,3467,19,86,19
3467,3468,19,112,13
3468,3469,19,29,7
3469,3470,19,15,13
3470,3471,19,154,3
3471,3472,19,111,3
3472,3473,19,122,12
3473,3474,19,63,15
3474,3475,19,153,2
3475,3476,19,171,11
3476,3477,19,148,13
3477,3478,19,87,1
3478,3479,19,17,13
3479,3480,19,163,19
3480,3481,19,36,17
3481,3482,19,51,14
3482,3483,19,149,0
3483,3484,19,29,7
3484,3485,19,61,18
3485,3486,19,30,17
3486,3487,19,174,4
3487,3488,19,7,0
